S	004557B8	刀上舞Ⅳ＋
S	004CDEEC	蓄力会心Ⅱ
S	00612B10	属性克制转换＋
S	0114DD91	追击Ⅲ
S	01643EF4	玫瑰早绽
S	01D1A6CE	玫瑰早绽＋
S	02472C43	王者之觉醒＋
S	02B1F8C0	极致之觉醒＋
S	02BA37A3	穷寇心Ⅴ＋
S	02C67F5E	蓄力攻击Ⅴ＋
S	035A4DDD	追击Ⅴ＋
S	040549B7	明镜止水Ⅴ
S	04D028E3	暴击伤害Ⅳ
S	0537EF0B	昏厥
S	05ACA892	老兵的天眼＋
S	06260D96	背水Ⅳ＋
S	062844FD	背水Ⅲ
S	062ECB15	弱点攻击Ⅲ
S	069046D9	屠龙者的威猛
S	0713D928	英勇之心＋
S	07703A8A	激昂Ⅲ
S	08DA7279	攻击力Ⅴ＋
S	0952F945	快速蓄力Ⅴ
S	0A410BD8	英勇神速
S	0A4651BB	摇曳步＋
S	0AA7735E	修罗Ⅴ
S	0B3A6CC9	HP吸收Ⅱ
S	0B456DEF	蓄力强化Ⅴ＋
S	0BB4CCDA	先发制人Ⅴ＋
S	0BB9C188	暴击率Ⅴ＋
S	0BBD27F6	灾祸抗性Ⅱ
S	0C967A31	伤害上限Ⅳ＋
S	0DA193FE	破防特效Ⅳ＋
S	0DB316F8	刀上舞Ⅴ
S	0DB62B78	奋不顾身Ⅲ＋
S	0DD30EC5	古今无双的强者
S	0E3BE66C	连击收招Ⅲ＋
S	0E83606D	能力伤害Ⅴ
S	0EA21045	穷寇心Ⅳ＋
S	0EE1E9D7	骰子剑
S	0F06D22C	修罗Ⅳ＋
S	0F1E9FF1	穷寇心Ⅳ＋
S	0F2BB8B2	灼热抗性Ⅲ
S	0F386F8E	冰冻抗性
S	0F4A0A62	身无长技
S	100E4B1D	获得经验值Ⅳ
S	102FF7AA	攻击力Ⅳ
S	104CD6EA	破防特效Ⅴ＋
S	10B32273	昏厥Ⅲ
S	1122D016	快速蓄力Ⅲ
S	1150513C	奋不顾身Ⅳ
S	119B24A8	变幻自如之觉醒＋
S	11DF14E3	古今无双的气概
S	120C5D98	获得MSPⅣ
S	1291F7CA	破防特效Ⅲ＋
S	129E224A	协同攻击Ⅳ＋
S	12D6F539	弱点攻击Ⅴ＋
S	12DFD310	剑圣的炼气＋
S	12FBB007	弱化状态特效Ⅳ
S	130508AC	连击收招Ⅴ＋
S	132952C1	蓄力会心Ⅲ＋
S	13896108	连击收招Ⅳ＋
S	14082B75	修罗Ⅲ＋
S	147DA58B	极致真理＋
S	14C58BF1	极致谋略＋
S	16216FDD	激昂Ⅳ
S	164E776A	刚健Ⅳ＋
S	1706DB6C	弱点攻击Ⅳ＋
S	1727E6B7	灾祸抗性Ⅴ
S	176FE02C	中毒抗性Ⅴ＋
S	1791546F	舵手的战气
S	17974BBA	热血Ⅱ
S	17BE4841	能力伤害Ⅲ＋
S	17CE9A47	连击加成Ⅳ
S	1834C3AA	伤害上限Ⅴ＋
S	190C656D	追击Ⅳ＋
S	197818B7	麻痹抗性Ⅳ
S	19CB4EB9	能力封印抗性Ⅴ＋
S	19F0455D	协同攻击Ⅴ
S	1A225843	凝神Ⅴ
S	1A57AEF1	斩姬之觉醒＋
S	1A94123D	热血Ⅳ＋
S	1ABADC4D	圣骑士的剑辉
S	1AF3D4DC	蓄力强化
S	1BBE919C	老兵之觉醒＋
S	1BF76D02	明镜止水
S	1C1123CA	OVERDRIVE特效Ⅲ＋
S	1C4D37E4	钳蟹的共鸣
S	1CA872E7	蓄力攻击Ⅴ＋
S	1CD1D367	追击Ⅴ＋
S	1CEB58AA	刚健Ⅲ
S	1D3B007A	抗争Ⅴ＋
S	1D409445	刀上舞Ⅴ＋
S	1DF4D351	躲避仇火Ⅳ
S	1E56FE99	昏厥Ⅱ
S	1E69C3D0	自愈Ⅴ＋
S	1FC0C1A5	守护Ⅴ＋
S	2014714C	协同攻击
S	2037A9ED	弱点攻击Ⅳ＋
S	207559B9	蓄力会心Ⅴ＋
S	208AF595	躲避性能
S	20BCDB1B	昏迷抗性Ⅴ＋
S	212B81F5	幽幻之应
S	21E10EB7	玫瑰缤纷＋
S	22115F71	缓速抗性Ⅴ＋
S	22319F27	不动Ⅱ
S	232147AD	身无长技Ⅳ＋
S	237CAA21	水牢抗性
S	23C84E82	药水携带数Ⅴ＋
S	23E7990D	契约Ⅴ
S	248C0116	昏迷抗性
S	24ED29E6	格挡仇火Ⅳ
S	25CD5873	金刚Ⅲ
S	268CEDC5	怒涛Ⅳ
S	26DDCD39	霸体＋
S	27C62352	泥沙抗性Ⅲ
S	27F0408A	灼热抗性Ⅴ＋
S	28089A97	异能增长
S	28A30205	连击收招Ⅲ＋
S	295219F9	明镜止水Ⅴ＋
S	29BE4772	泥沙抗性
S	2A85A4C2	能力伤害Ⅴ＋
S	2B247EE4	HP吸收
S	2B94D8D6	获得MSPⅢ
S	2BDFBA94	昏迷抗性Ⅴ
S	2C958609	能力封印抗性
S	2C95CEE8	OVERDRIVE特效Ⅱ
S	2CB6D0D9	刚健Ⅱ
S	2CDC1FE0	迅捷能力Ⅴ
S	2D188557	修罗Ⅳ
S	2D2C99E9	坚持Ⅴ
S	2D5F3437	自动复活Ⅴ＋
S	2D637D25	穷寇心Ⅴ
S	2D7F2E70	攻击力Ⅴ＋
S	2E3351E3	获得MSPⅤ＋
S	2F06AC30	躲避距离
S	2F5ADAC6	身无长技Ⅱ
S	2FD5965C	追击Ⅲ＋
S	3069C2FE	古今无双的战气＋
S	30A3F2EA	守护者的骄傲＋
S	311D9CB9	破防特效Ⅳ
S	31AFD43A	先发制人Ⅲ＋
S	31D241E4	暴击率Ⅲ＋
S	31F91FCF	屠龙者的才智
S	332E9B30	狂战士＋
S	3332E18D	能力封印抗性Ⅴ
S	335B55D0	格挡仇火Ⅲ＋
S	33C89F1C	先发制人Ⅴ
S	33F01810	英勇神速＋
S	342143D7	OVERDRIVE特效Ⅲ
S	346EDD73	斯巴达
S	34C77091	圣骑士的战气
S	3559988C	奋不顾身Ⅴ
S	35637B96	守护Ⅴ＋
S	3564AA4D	奋不顾身Ⅲ＋
S	3572645C	修罗Ⅲ＋
S	35A14FC3	昏厥Ⅳ
S	35A6BADD	背水Ⅳ
S	35ACCC3C	破防特效Ⅳ＋
S	35BD0F81	背水Ⅲ＋
S	361D44C4	投掷Ⅲ＋
S	3644EF2C	明镜止水Ⅲ
S	364C8E19	躲避仇火Ⅲ＋
S	36F4B48A	暴击伤害Ⅲ＋
S	37B0783C	剑圣的闪刃
S	37E83548	守护Ⅳ
S	380A3CA8	英勇灵气＋
S	381BBE64	坚守Ⅴ＋
S	38A9CADF	豪胆Ⅲ
S	38DE81D2	魔法师的伶利
S	390175E7	灼热抗性
S	3973C1C4	OVERDRIVE特效Ⅴ＋
S	3976136F	身无长技Ⅲ＋
S	397A3150	攻击DOWN抗性Ⅲ
S	39A38B2C	缓速抗性Ⅲ
S	39B62087	勇士的毅力
S	39BEA99B	昏厥Ⅴ＋
S	3B03DC0F	刀上舞Ⅲ
S	3B48E4E7	集中炮火Ⅴ
S	3BCA3FD5	异能耐受Ⅳ
S	3BDBE4B0	魔法师的心愿
S	3C4E2FCF	暴击率Ⅲ＋
S	3D5E4678	魔眼的万箭
S	3D8D9109	勇士的战气
S	3D9B8E6F	攻击力Ⅱ
S	3DC4D818	灼热抗性Ⅳ
S	3EA4134B	天司长的灵威＋
S	3EDD4C1F	自愈Ⅲ
S	3F45DBDC	昏迷抗性Ⅲ
S	3F5E8FD8	追击Ⅲ＋
S	3F8FC674	防御DOWN抗性
S	40738CDD	幽幻的战气
S	408CC3B5	奋不顾身Ⅴ＋
S	42BB0C1C	追击Ⅴ
S	43088191	契约Ⅲ
S	430DF884	蓄力会心
S	430FB951	暴击率Ⅱ
S	4365B3FF	怒发冲冠Ⅱ
S	439A2D9C	集中炮火Ⅲ＋
S	43DDE5DD	涯之二王＋
S	43F26A91	魔法师的战气＋
S	4438676E	γ秘纹＋
S	44D48479	真红翔舞＋
S	450B862C	屠龙者的战气
S	45140AE4	刀上舞Ⅲ＋
S	459DD2C2	暴击率Ⅴ＋
S	45B43024	背水Ⅱ
S	462782D5	王者行进
S	462B27D3	暴君Ⅳ＋
S	464099CD	奥义封印抗性Ⅴ＋
S	46ABA3C0	怒发冲冠Ⅴ
S	47B00599	冰冻抗性Ⅳ
S	47DA8C35	明镜止水Ⅱ
S	4823BBB3	自愈Ⅱ
S	4840C322	蓄力攻击Ⅳ
S	4872D685	契约Ⅴ
S	49651C89	变幻自如的妖剑士＋
S	4971E8FB	刀上舞Ⅴ＋
S	49745934	躲避距离＋
S	4A336D1E	凝神Ⅲ
S	4A36B37F	抗争Ⅳ
S	4A39DC7D	中毒抗性Ⅳ
S	4AA48417	万能药＋
S	4B754D3A	能力伤害
S	4B98F53A	守护Ⅲ
S	4BA4E4AC	热血Ⅴ＋
S	4C28585A	圣骑士的战气＋
S	4C6AD990	真红烈焰
S	4C942ED5	躲避仇火
S	4CC406CA	挑衅Ⅳ
S	4CC5031D	异能耐受Ⅴ
S	4CDCE25B	王者的战气＋
S	4D7C8632	王者的战气
S	4D962F18	防御DOWN抗性Ⅲ
S	4DB1FDC1	格挡仇火Ⅴ＋
S	4E4911FA	挑衅Ⅴ
S	4E988D4F	伤害上限Ⅱ
S	4EBAA02A	冰冻抗性Ⅲ
S	4F01D6CA	真红之觉醒＋
S	4F37BE70	激昂
S	4F500FBF	迅捷能力Ⅲ
S	4FFE62E5	暴君Ⅲ＋
S	5048C546	防御DOWN抗性Ⅴ＋
S	50B05700	匿踪Ⅴ
S	5144FE4D	破防特效Ⅴ＋
S	515E693C	玫瑰的战气＋
S	522004AB	守护者的决心＋
S	522C13B8	格挡仇火Ⅴ＋
S	524DE21C	剑圣的炼气
S	52A6E299	英勇之魂＋
S	52BD3102	奋不顾身Ⅳ＋
S	533D337B	身无长技Ⅴ＋
S	534B93C2	背水Ⅲ＋
S	54CEFD1C	背水
S	54D62FDF	身无长技Ⅳ
S	54D8EA04	伤害上限Ⅴ＋
S	5608EF7E	身无长技Ⅲ
S	5670AECA	奋不顾身Ⅳ＋
S	56881C69	白龙的誓约
S	56A668B1	修炼甘露
S	57B6D9A5	奥义封印抗性Ⅳ
S	57D2CAF2	穷寇心Ⅲ＋
S	583CF40F	变幻自如的迅刃
S	58A21FB7	金刚Ⅲ＋
S	58F63427	豪胆
S	58FFAEAA	体力Ⅲ
S	590C19C8	冥暗的战气
S	59E5335B	协同攻击Ⅴ＋
S	5B939637	防御DOWN抗性Ⅳ
S	5C19BBB0	中毒抗性Ⅴ
S	5C569745	修罗Ⅳ＋
S	5D592FDD	天司长的战气＋
S	5DCC1F70	昏厥Ⅲ＋
S	5E7EEEC4	体力Ⅴ
S	5EB282C6	自动复活Ⅴ
S	5F117445	暴击伤害Ⅳ＋
S	5F988136	抗争Ⅳ＋
S	5FAA08E3	斩姬梦幻
S	5FB842E4	极致的战气
S	6056E1C7	弱点攻击Ⅳ
S	60571189	躲避仇火Ⅴ＋
S	60BD40A1	修罗Ⅴ＋
S	60CABDDB	能力封印抗性Ⅱ
S	6130D327	守护Ⅱ
S	614FB550	泥沙抗性Ⅴ＋
S	6151F5F6	刀上舞Ⅳ＋
S	621A2A97	守护者的战气
S	628DD0DF	集中炮火
S	62FED4F1	缓速抗性Ⅳ
S	630DE5DD	暴击伤害Ⅴ＋
S	645ACEE5	变幻自如的妖剑士
S	64D63823	老兵的智慧＋
S	65150A03	自动复活
S	65909E04	迅捷能力Ⅴ＋
S	65B73B3F	药水携带数Ⅴ＋
S	6674C639	真红的战气
S	66F1B128	极致的战气＋
S	673C5D8F	勇士之觉醒＋
S	6786CF44	蓄力会心Ⅲ
S	67C1E5E3	剑圣的战气
S	687B928E	药水携带数
S	68B1E888	热血Ⅴ
S	68D0507A	协同攻击Ⅲ＋
S	692276E2	获得经验值Ⅱ
S	695EBC2E	快速蓄力Ⅲ＋
S	696226BB	冥暗刚刃
S	69BF4AAC	投掷Ⅱ
S	6A3B2653	连击加成Ⅴ＋
S	6AAE4B8F	剑圣之觉醒＋
S	6AB4974C	获得金币Ⅳ
S	6AC327A2	麻痹抗性Ⅴ＋
S	6B59242A	万能药
S	6BA991CD	获得经验值
S	6BB655F1	灾祸抗性Ⅳ
S	6C85983C	刚健Ⅴ＋
S	6CCA1FF7	古今无双的强者＋
S	6D18E7DC	舵手的坚持
S	6EC9D6BB	蓄力会心Ⅳ＋
S	6F1D0870	金刚Ⅴ＋
S	6F2CF65F	OVERDRIVE特效
S	6F4749AD	先发制人Ⅳ
S	6FD12E61	怒涛Ⅴ＋
S	70336D00	迅捷能力
S	70361EF1	真红翔舞
S	70A871D5	金刚Ⅳ
S	70F6AE03	破防特效Ⅱ
S	7173B93F	快速蓄力Ⅴ＋
S	718F62F7	格挡仇火Ⅳ＋
S	71FF966A	连击加成Ⅲ＋
S	72304799	玫瑰缤纷
S	72466F3C	守护Ⅳ＋
S	72735A07	暴君Ⅴ
S	728BDA66	自愈
S	7291A3F9	攻击DOWN抗性Ⅴ＋
S	72946A51	能力封印抗性Ⅳ
S	72CBA710	泥沙抗性Ⅴ
S	72D83138	身无长技Ⅲ＋
S	735769A7	迅捷能力Ⅱ
S	73B77D4F	契约Ⅳ
S	73E5554F	坚守
S	7428DF74	穷寇心Ⅲ＋
S	7461BD6D	获得MSPⅡ
S	751228A2	热血Ⅲ
S	75183BFD	刀上舞
S	753ECF9D	王者一心
S	7562F00A	热血Ⅳ＋
S	758D5322	先发制人
S	75B8DAD7	蓄力强化Ⅱ
S	75FE50E5	弱化状态特效Ⅳ＋
S	7653B159	斩姬武艺
S	76710852	挑衅Ⅱ
S	76C7EB69	格挡性能Ⅱ
S	76D4716B	变幻自如的战气＋
S	772601D4	追击Ⅱ
S	7739FEBD	老兵的天眼
S	77802303	坚持Ⅳ＋
S	77803875	投掷Ⅲ
S	7885354A	匿踪Ⅱ
S	78B9F5AB	追击Ⅳ＋
S	78C6F203	灾祸抗性
S	791DA8ED	昏厥Ⅴ＋
S	793CFAC5	弱点攻击
S	79D7536F	回复性能Ⅲ
S	79F4FD3E	暴君
S	7A74E84C	刚健Ⅳ＋
S	7AA335B6	连击加成Ⅴ
S	7AEBEF91	投掷
S	7B8C3E06	刀上舞Ⅳ
S	7C7EC053	老兵的战气
S	7C8580CA	圣骑士的威光＋
S	7D318FF7	古今无双的气概＋
S	7D5C5A42	攻击DOWN抗性
S	7D8FF2EE	蓄力强化Ⅲ
S	7DEA157B	药水携带数Ⅴ
S	7E0D082A	防御DOWN抗性Ⅱ
S	7E13A72D	回复性能Ⅴ＋
S	7E3A52A3	天司长的风雅＋
S	7E76F58D	挑衅Ⅲ
S	7EFA8C0D	暴击伤害Ⅲ＋
S	7F5DDA19	昏厥Ⅳ＋
S	7F7E82AB	白龙的荣耀
S	7FB3E3D5	灾祸抗性Ⅲ
S	803F64BD	冥暗自若
S	8091ACBE	金刚Ⅳ＋
S	80A6DD30	修罗
S	80CCCD83	极致真理
S	80DC0FB8	不动Ⅴ
S	811D8A6A	蓄力会心Ⅲ＋
S	81742849	刚健Ⅳ
S	81CB6C6B	明镜止水Ⅳ
S	8224E6E0	蓄力会心Ⅴ＋
S	8230B722	集中炮火Ⅲ＋
S	82677AAA	防御DOWN抗性Ⅴ
S	82903E7E	连击加成Ⅳ＋
S	829EE87B	协同攻击Ⅱ
S	82B300F5	获得MSPⅤ
S	82CEA35A	暴击率
S	82F1E7E4	终极钳蟹因子
S	83111A4B	契约Ⅱ
S	83E5006E	穷寇心Ⅴ＋
S	842ABBEB	投掷Ⅳ
S	843070E7	古今无双的战气
S	8456B1A3	躲避仇火Ⅴ
S	855E7713	异能战意
S	85D7B335	白龙的誓约＋
S	867EFFED	攻击力Ⅲ＋
S	872D3AF9	魔眼的凛翔
S	883380D4	激昂Ⅴ
S	8856F755	快速蓄力Ⅱ
S	89CA4DB0	体力Ⅳ＋
S	8A108211	穷寇心Ⅱ
S	8A3819C0	白龙的战气＋
S	8A3DCAB1	热血Ⅲ＋
S	8A967A6E	连击收招Ⅴ＋
S	8A9F7374	穷寇心Ⅲ
S	8B647510	暴击率Ⅳ＋
S	8B66775A	格挡仇火Ⅲ
S	8BF28309	契约Ⅳ＋
S	8CA7D9C1	投掷Ⅴ＋
S	8D639E0C	获得金币Ⅱ
S	8DBF201A	体力Ⅲ＋
S	8E3F1EC7	先发制人Ⅱ
S	8E5B056B	蓄力会心Ⅳ
S	8ECBB0A3	魔眼之觉醒＋
S	8F0329FC	蓄力攻击Ⅲ＋
S	8F1B4DC4	集中炮火Ⅳ
S	905C6D7F	连击加成
S	909A3AEB	暴君Ⅱ
S	90FBB4BF	自动复活Ⅱ
S	91196499	不动
S	9172D000	体力Ⅲ＋
S	91956B39	快速蓄力Ⅴ＋
S	9196A989	快速蓄力Ⅳ＋
S	91AC1DDD	豪胆Ⅴ＋
S	91CC46C0	连击加成Ⅱ
S	921BB96E	体力Ⅳ
S	921D90D8	α秘纹＋
S	922804EF	攻击力Ⅳ＋
S	92B2D85F	挑衅
S	936DFE00	英勇灵气
S	938DB625	斯巴达＋
S	9393D637	超终极精准躲避
S	93D9774F	蓄力攻击Ⅱ
S	946481A5	坚守Ⅳ
S	94B33570	奥义封印抗性Ⅱ
S	94C2D5B3	修罗Ⅲ
S	94F7053C	弱点攻击Ⅲ＋
S	958588F6	不动Ⅳ
S	95858B63	攻击力
S	959C926E	身无长技Ⅴ
S	95A41365	蓄力攻击Ⅲ＋
S	95C88E4F	HP吸收Ⅴ＋
S	961B274C	暴击率Ⅳ＋
S	96434C8D	中毒抗性Ⅱ
S	9673ABB9	药水携带数Ⅳ
S	978255EF	格挡性能
S	97CF485D	万能药＋
S	9814E19B	投掷Ⅲ＋
S	9851FD38	躲避仇火Ⅳ＋
S	987968DF	弱化状态特效Ⅱ
S	989216CB	能力伤害Ⅱ
S	98A6D249	舵手之觉醒＋
S	98AEB873	OVERDRIVE特效Ⅳ＋
S	98C33860	异能耐受Ⅲ
S	98DFFCA0	攻击力Ⅳ＋
S	98E88FDF	能力封印抗性Ⅲ
S	98E9E6EF	异能之心＋
S	99A4B2A7	获得金币
S	99C83B77	异能耐受Ⅱ
S	9A341899	获得MSP
S	9A59F1EC	穷寇心
S	9A753E01	蓄力会心Ⅴ
S	9ADA3E00	守护者之觉醒＋
S	9B2B4B8F	英勇之心
S	9BAF1D6D	金刚Ⅱ
S	9BD1CC24	玫瑰之觉醒＋
S	9C2399DA	守护Ⅴ＋
S	9CB98CC1	坚守Ⅲ
S	9D3093AE	暴击伤害Ⅴ＋
S	9D4F66D7	自动药水＋
S	9D5BC5BF	勇士的信念＋
S	9D65E6B6	泥沙抗性Ⅳ
S	9D88DEA1	魔法师的心愿＋
S	9DC8305D	暴君Ⅴ＋
S	9DE27B41	连击加成Ⅲ＋
S	9E62759D	获得金币Ⅴ＋
S	9E79AA31	格挡性能Ⅴ＋
S	9F08F697	舵手的指引＋
S	9F72BAE0	剑圣的战气＋
S	9F741115	格挡性能Ⅲ
S	9FE3A10D	弱化状态特效Ⅴ
S	A0F94F69	圣骑士的剑辉＋
S	A110DC1E	格挡性能Ⅳ＋
S	A12CCE9B	格挡仇火Ⅴ
S	A1448DB8	刚健Ⅲ＋
S	A1C947C2	伤害上限Ⅳ＋
S	A1E5C919	奥义封印抗性
S	A224A830	坚守Ⅴ
S	A248E5D1	坚持Ⅳ
S	A278238E	躲避仇火Ⅴ＋
S	A3021B5E	背水Ⅴ＋
S	A3210B84	攻击DOWN抗性Ⅳ
S	A33AF136	凝神
S	A3578968	坚守Ⅳ＋
S	A4204593	暴君Ⅲ
S	A441FB51	魔法师的战气
S	A4456853	弱化状态特效
S	A44AEFC0	水牢抗性Ⅲ
S	A468A3E8	能力伤害Ⅴ＋
S	A490BADF	勇士的战气＋
S	A492FFAC	暴君Ⅴ＋
S	A4B849A0	凝神Ⅴ＋
S	A576B01B	修罗Ⅱ
S	A59C9613	冥暗自若＋
S	A5B20C3C	攻击力Ⅲ
S	A6EE588A	体力
S	A70DAF5A	奋不顾身
S	A74C2893	异能耐受
S	A7856A22	暴击率Ⅴ
S	A7F292BF	回复性能Ⅱ
S	A7F84C3B	摇曳步＋
S	A879208F	斩姬武艺＋
S	A89C98C9	连击加成Ⅴ＋
S	A8C67937	快速蓄力Ⅲ＋
S	A8DC84BD	弱点攻击Ⅱ
S	A91BE816	灼热抗性Ⅱ
S	A931E9FA	热血Ⅲ＋
S	A9D804D4	异能之心
S	AA45CD2D	灾祸抗性Ⅴ＋
S	AA793DE2	昏迷抗性Ⅳ
S	AA941053	奋不顾身Ⅱ
S	AAC7A219	追击Ⅳ
S	AB4F7D56	天司长的风雅
S	AB835493	屠龙者之觉醒＋
S	ABC07972	暴君Ⅲ＋
S	ABFA79F2	强健甘露
S	AC175924	守护者的战气＋
S	AC2ED9A4	摇曳步＋
S	AC7822A4	灼热抗性Ⅴ
S	ACA7FB5A	契约
S	AD0A2AE1	怒涛Ⅱ
S	AD8CAEFB	魔眼的战气＋
S	AE5D5A4F	破防特效Ⅲ＋
S	AE6C2F04	弱点攻击Ⅲ＋
S	AE9899C6	追击
S	AE9D89DF	剑圣的闪刃＋
S	AEBFADF5	先发制人Ⅲ＋
S	AEEF8343	圣骑士之觉醒＋
S	AF7FB20D	协同攻击Ⅳ
S	AF8E7E7E	异能之魂＋
S	B0634504	魔眼的战气
S	B06C66A6	凝神Ⅳ＋
S	B0AD15DD	背水Ⅳ＋
S	B0CB5C64	伤害上限Ⅴ＋
S	B109C429	中毒抗性
S	B143DAE6	斩姬梦幻＋
S	B17C7207	能力伤害Ⅳ＋
S	B1C1200B	玫瑰的战气
S	B1CCC211	不动Ⅴ＋
S	B1D40170	骰子剑＋
S	B20182A7	躲避仇火Ⅲ
S	B2191F16	圣骑士的威光
S	B2B08F0D	匿踪Ⅲ
S	B2C6F95A	集中炮火Ⅲ
S	B2D492A3	迅捷能力Ⅳ
S	B3AB43F3	冥暗的战气＋
S	B441275D	幽幻之觉醒＋
S	B4ADDDC5	投掷Ⅴ＋
S	B5170056	契约Ⅴ＋
S	B570D9CA	暴击伤害
S	B5725272	王者行进＋
S	B5B23F02	体力Ⅴ＋
S	B5DA3E80	白龙的荣耀＋
S	B60D6796	伤害上限Ⅲ
S	B63E221A	水牢抗性Ⅳ
S	B6552BA8	暴击伤害Ⅲ
S	B694CDD6	刀上舞Ⅱ
S	B71DF666	缓速抗性
S	B74C207B	真红烈焰＋
S	B7C4535A	集中炮火Ⅴ＋
S	B7F89AC3	怒涛Ⅴ
S	B832E7A7	格挡性能Ⅴ＋
S	B83FB38E	OVERDRIVE特效Ⅳ
S	B85C5C3B	激昂Ⅱ
S	B8A811ED	获得金币Ⅴ
S	B8C44D5E	天司长之觉醒＋
S	B98A0F22	异能增长＋
S	BA77B7F2	豪胆Ⅴ
S	BA8A0229	身无长技Ⅳ＋
S	BB86EF75	集中炮火Ⅳ＋
S	BBE831B2	超终极精准躲避＋
S	BBF1566E	守护者的决心
S	BC445153	协同攻击Ⅴ＋
S	BC53CE24	舵手的战气＋
S	BC795189	投掷Ⅳ＋
S	BCEDF060	屠龙者的才智＋
S	BCF91F80	狂战士
S	BD2CF495	热血Ⅳ
S	BDCC9A89	守护者的骄傲
S	BE0F226F	凝神Ⅳ
S	BE3C851C	攻击力Ⅴ
S	BE6B6288	先发制人Ⅴ＋
S	BE799271	自愈Ⅳ
S	BE8CAF15	刀上舞Ⅲ＋
S	BF4D978A	快速蓄力
S	BF714A8A	幽幻之应＋
S	BF7CA5DB	昏迷抗性Ⅱ
S	BFAA447E	弱点攻击Ⅴ＋
S	BFDF838C	真红的战气＋
S	C02E6BEA	金刚Ⅴ
S	C06F4708	王者一心＋
S	C0B5128E	屠龙者的威猛＋
S	C0C92D64	能力伤害Ⅳ＋
S	C1377955	匿踪
S	C19839BD	暴君Ⅳ＋
S	C1A3F47E	冰冻抗性Ⅴ
S	C275B86F	躲避仇火Ⅳ＋
S	C349AD51	格挡仇火Ⅱ
S	C37A0842	弱化状态特效Ⅴ＋
S	C37D080A	体力Ⅱ
S	C452AB03	投掷Ⅴ
S	C4DD863A	涯之七星＋
S	C55F6CDF	抗争Ⅱ
S	C5B72CE6	暴击伤害Ⅳ＋
S	C63C8DDF	挑衅Ⅴ＋
S	C64737E7	抗争
S	C6539CB5	昏厥Ⅳ＋
S	C66E8203	极致谋略
S	C6A019AE	协同攻击Ⅲ
S	C6B1BBE6	伤害上限
S	C6B50FEA	契约Ⅲ＋
S	C6E71D09	快速蓄力Ⅳ＋
S	C7D124DD	药水携带数Ⅲ
S	C7D94DC9	连击收招Ⅴ
S	C8935975	破防特效Ⅲ
S	C98DC248	自愈Ⅴ
S	C9D8BD97	天司长的灵威
S	CAAE3F9C	老兵的战气＋
S	CB5F29C1	霸体
S	CBABDB59	集中炮火Ⅱ
S	CC29955A	匿踪Ⅳ
S	CC5DB833	蓄力攻击Ⅲ
S	CCD29B2B	缓速抗性Ⅴ
S	CCE507E7	天司长的战气
S	CD4B83C7	水牢抗性Ⅴ
S	CDFEB37E	先发制人Ⅳ＋
S	CE16D68B	古今无双之觉醒＋
S	CE6C62CF	怒发冲冠Ⅴ＋
S	CE8AA073	追击Ⅴ＋
S	CEE9DD46	先发制人Ⅲ
S	CEF31894	斩姬的战气＋
S	D038F852	集中炮火Ⅴ＋
S	D0B43CA0	蓄力攻击Ⅳ＋
S	D0D61CAA	怒涛
S	D14AA754	弱化状态特效Ⅲ＋
S	D1B747C5	蓄力攻击Ⅳ＋
S	D259D5D7	弱化状态特效Ⅲ＋
S	D2740E3B	麻痹抗性
S	D3071D85	异能耐受Ⅴ＋
S	D32C0CAF	暴击率Ⅲ
S	D32DC086	蓄力会心Ⅳ＋
S	D3538CFD	凝神Ⅱ
S	D36CC890	勇士的信念
S	D3774B13	HP吸收Ⅲ
S	D393DA22	伤害上限Ⅳ
S	D39F1C79	HP吸收Ⅴ
S	D3A40C27	协同攻击Ⅲ＋
S	D42A2D77	怒发冲冠
S	D42DC37C	连击收招Ⅳ＋
S	D4488A1D	变幻自如的战气
S	D48ABDDA	舵手的坚持＋
S	D4B2ADBA	不动Ⅲ
S	D4EBB836	刚健Ⅴ＋
S	D5808F9E	体力Ⅳ＋
S	D5A23569	缓速抗性Ⅱ
S	D5CA277F	协同攻击Ⅳ＋
S	D626AC9F	泥沙抗性Ⅱ
S	D657DB39	连击加成Ⅲ
S	D6738E0F	蓄力攻击
S	D6C28E35	格挡性能Ⅴ
S	D77EFBC6	中毒抗性Ⅲ
S	D7ABBDCA	获得经验值Ⅴ＋
S	D7C37871	冰冻抗性Ⅱ
S	D8D6B380	豪胆Ⅱ
S	D959A6D2	连击收招Ⅲ
S	D982AE55	药水携带数Ⅱ
S	DA9136A1	属性克制转换
S	DBE503C7	魔眼的凛翔＋
S	DBEBFDAD	坚守Ⅱ
S	DC09B8D1	OVERDRIVE特效Ⅴ＋
S	DD12001E	坚持Ⅲ
S	DD492226	格挡仇火Ⅲ＋
S	DD5EFF28	蓄力强化Ⅳ
S	DED4E384	刚健Ⅴ
S	DF4A666E	奥义封印抗性Ⅴ
S	DF8A52FB	水牢抗性Ⅱ
S	DFC20239	暴君Ⅳ
S	DFD60614	OVERDRIVE特效Ⅳ＋
S	DFE82763	回复性能Ⅳ
S	E073EA65	幽幻之谊＋
S	E0B702C6	连击收招Ⅳ
S	E135A05A	幸运甘露
S	E1443933	能力伤害Ⅳ
S	E16E4DD4	昏厥Ⅴ
S	E19B1965	白龙之觉醒＋
S	E19DE7AE	获得经验值Ⅴ
S	E21A4170	屠龙者的战气＋
S	E255FAD2	破防特效
S	E27B1C51	回复性能Ⅴ
S	E2B380E5	魔法师之觉醒＋
S	E3103186	自动复活Ⅲ
S	E347B563	暴击伤害Ⅴ
S	E405ACA0	抗争Ⅲ
S	E496D882	幽幻的战气＋
S	E4F986D9	冥暗之觉醒＋
S	E4FC5AF6	抗争Ⅴ
S	E501B772	伤害上限Ⅲ＋
S	E507A543	奋不顾身Ⅲ
S	E53D0E38	豪胆Ⅳ
S	E546F899	骰子剑＋
S	E570A041	白龙的战气
S	E5B58127	获得金币Ⅲ
S	E5C9F685	激昂Ⅴ＋
S	E5D96666	集中炮火Ⅳ＋
S	E7062C19	舵手的指引
S	E71B1FE4	守护Ⅴ
S	E7624711	变幻自如的迅刃＋
S	E7643634	昏厥Ⅲ＋
S	E8454459	热血Ⅴ＋
S	E89224A1	躲避性能＋
S	E8B8A474	攻击DOWN抗性Ⅴ
S	E92EE838	体力Ⅴ＋
S	E93B7346	麻痹抗性Ⅱ
S	E9917AC1	暴击伤害Ⅱ
S	E9D3B6CA	奥义封印抗性Ⅲ
S	EAA911B2	异能战意＋
S	EB105B98	刚健Ⅲ＋
S	EB10ACA3	怒发冲冠Ⅲ
S	EB4AD96D	魔眼的万箭＋
S	EB5F28E0	能力伤害Ⅲ＋
S	EB73E730	怒涛Ⅲ
S	EBC1FE90	刚健
S	EBCC193C	坚持
S	ECD324C7	蓄力强化Ⅴ
S	EDA2116A	坚持Ⅴ＋
S	EE25BD8F	能力伤害Ⅲ
S	EE337FE3	β秘纹＋
S	EE732781	伤害上限Ⅴ
S	EEB6C4CC	OVERDRIVE特效Ⅴ
S	EF5D0D16	水牢抗性Ⅴ＋
S	EF70CA76	冰冻抗性Ⅴ＋
S	F04C2CDC	连击加成Ⅳ＋
S	F1267035	无态＋
S	F127D45F	投掷Ⅳ＋
S	F12B5464	金刚
S	F142A66C	HP吸收Ⅳ
S	F1691ADC	格挡性能Ⅳ
S	F1839306	攻击力Ⅲ＋
S	F1CAFFA6	修罗Ⅴ＋
S	F1D9E8DD	暴击率Ⅳ
S	F212DB64	弱化状态特效Ⅳ＋
S	F22290A6	背水Ⅴ＋
S	F2C84D4F	全弱化效果抗性
S	F2CBFFD2	自动复活Ⅳ
S	F30A86F6	怒发冲冠Ⅳ
S	F3220FD0	躲避距离＋
S	F3336835	摇曳步
S	F3C8C676	麻痹抗性Ⅲ
S	F40082D6	OVERDRIVE特效Ⅲ＋
S	F44367CF	7net
S	F47FDA29	坚持Ⅱ
S	F4A5E0AD	躲避仇火Ⅲ＋
S	F4ACCC72	躲避仇火Ⅱ
S	F50A5FE2	守护
S	F610E3B9	奋不顾身Ⅴ＋
S	F687B1BB	背水Ⅴ
S	F6C0FCA5	魔法师的伶利＋
S	F6F3C863	回复性能
S	F719D195	斩姬的战气
S	F7707CAC	弱点攻击Ⅴ
S	F7A65030	破防特效Ⅴ
S	F7B836F6	连击收招
S	F85B6AB0	获得经验值Ⅲ
S	F8CF8814	身无长技Ⅴ＋
S	F8FEF304	钳蟹的报恩
S	F94B6319	弱化状态特效Ⅴ＋
S	F9870AD0	伤害上限Ⅲ＋
S	FA3DB1E3	连击收招Ⅱ
S	FA9FF841	自愈Ⅴ＋
S	FB0F9037	冥暗刚刃＋
S	FB5092F2	自动药水
S	FB8C743F	蓄力攻击Ⅴ
S	FB9B6DD5	勇士的毅力＋
S	FB9BC6C9	麻痹抗性Ⅴ
S	FBB938E9	格挡仇火Ⅳ＋
S	FBF16984	热血
S	FBF24912	格挡仇火
S	FC1A2561	穷寇心Ⅳ
S	FCF90349	攻击DOWN抗性Ⅱ
S	FD99311B	幽幻之谊
S	FEEE9198	先发制人Ⅳ＋
S	FF2CBCD0	匿踪Ⅴ＋
S	FF580AF6	老兵的智慧
S	FF8A608B	快速蓄力Ⅳ
S	FFBA8AF0	弱化状态特效Ⅲ
T	0053599E	蓄力强化
T	05F2ECDC	怒涛
T	05FA4599	屠龙者的才智
T	082033CB	钳蟹的共鸣
T	09AA7DB5	凝神
T	0AA20846	格挡性能
T	0CD6C625	变幻自如的迅刃
T	0E42BE1B	老兵的战气
T	0EAD65E0	全弱化效果抗性
T	0F026CF0	古今无双的战气
T	0FBA47E8	强健甘露
T	11AAE5F5	魔法师的伶利
T	1470F860	坚持
T	151E4674	舵手的指引
T	1568E0E4	先发制人
T	15806DFC	天司长的风雅
T	16EFF868	勇士的毅力
T	1A2EF59E	无态
T	1B0D9897	钳蟹的报恩
T	1C360C63	蓄力攻击
T	1DC9D7E7	水牢抗性
T	2242921F	麻痹抗性
T	23D0F67F	玫瑰早绽
T	24883AF3	药水携带数
T	281214AB	涯之二王
T	29B07BEB	斩姬梦幻
T	29B292A8	抗争
T	2E65A774	勇士的信念
T	2FC8FBFF	热血
T	318D12E9	迅捷能力
T	333E5862	骰子剑
T	3759A5B9	昏迷抗性
T	3BFED918	守护者的决心
T	3C2B57B0	格挡仇火
T	3D8153A1	斯巴达
T	3F2C482E	强化效果延长
T	3F488339	背水
T	3FEC5F80	协同攻击
T	40223C28	浩劫
T	451D814C	古今无双的强者
T	48A95B8D	金刚
T	4BF2E191	攻击DOWN抗性
T	4C588C27	属性克制转换
T	4E5F6706	天司长的战气
T	4F135217	真红的战气
T	4F1A3683	弱化状态特效
T	50079A1C	攻击力
T	50B453DD	能力封印抗性
T	51C115D2	超终极精准躲避
T	522E2388	圣骑士的威光
T	5463232F	古今无双的气概
T	57AB5B10	追击
T	57E8A93F	因子强化
T	5C862E13	γ秘纹
T	5E422AE5	获得MSP
T	6018372B	挑衅
T	6085DA25	自愈
T	6316CBEB	白龙的战气
T	66DE60B1	防御DOWN抗性
T	6B694D6D	弱点攻击
T	6EBFA176	真红烈焰
T	6FF05223	王者一心
T	70395731	穷寇心
T	71F11A9B	暴君
T	7351D602	幽幻之应
T	7440E869	冥暗刚刃
T	74AA75D6	刚健
T	77C809F5	剑圣的炼气
T	7AD0C010	异能战意
T	7B4FC47A	剑圣的战气
T	7C2E4D64	躲避仇火
T	7C84A6B3	灼热抗性
T	7CCFF74F	HP吸收
T	7EDD69D0	怒发冲冠
T	81B293D9	魔眼的战气
T	82CE278D	身无长技
T	84078CB0	快速蓄力
T	8519AD4A	玫瑰的战气
T	8572B8AF	魔眼的凛翔
T	86CBCDC4	屠龙者的威猛
T	8B3BF60C	躲避性能
T	8CDF9382	白龙的誓约
T	8D078597	投掷
T	8D2ADB6E	β秘纹
T	8D78A19B	暴击率
T	8F502F0D	奋不顾身
T	921B6B0C	老兵的天眼
T	9230E3F5	剑圣的闪刃
T	9389CC06	回复性能
T	93A2093C	异能增长
T	95F3FA86	自动复活
T	9702860F	灾祸抗性
T	973B49AF	中毒抗性
T	9A9DC170	圣骑士的剑辉
T	9AD8B5E6	7net
T	9AFDFA9E	守护者的战气
T	A1A8E39D	霸体
T	A2FA9685	缓速抗性
T	A339D642	幽幻的战气
T	A374FDF0	舵手的坚持
T	A38510E2	英勇灵气
T	A3B49220	变幻自如的妖剑士
T	A4D6B880	修炼甘露
T	A63B89CD	斩姬武艺
T	A7A45F28	连击收招
T	A8A3163B	刀上舞
T	A9D17F55	OVERDRIVE特效
T	AA83F548	老兵的智慧
T	AC9674C1	破防特效
T	AF513A9D	极致真理
T	AF794A87	躲避距离
T	B064A634	异能之心
T	B360801D	集中炮火
T	B48EEF48	魔法师的心愿
T	B5FF9FD3	激昂
T	B6E31F76	不动
T	B85202BC	圣骑士的战气
T	BA504607	王者的战气
T	C00163B3	魔法师的战气
T	C0979A17	暴击伤害
T	C2A4C7A9	玫瑰缤纷
T	C35B111B	蓄力会心
T	C7D379F1	屠龙者的战气
T	C86F3082	获得金币
T	CD030268	英勇神速
T	CD124165	冥暗自若
T	CD18A77D	万能药
T	CDEB73F6	幸运甘露
T	CEB700EE	昏厥
T	CFB48782	奥义封印抗性
T	D1012D8C	白龙的荣耀
T	D2C8E10A	明镜止水
T	D3B8C21F	终极钳蟹因子
T	D40D1E9B	天司长的灵威
T	D54F8CA7	泥沙抗性
T	D76F4D24	舵手的战气
T	D7F9BB88	冥暗的战气
T	D8F66C1C	勇士的战气
T	D908223D	幽幻之谊
T	DADE14DC	英勇之心
T	DAEFBB27	变幻自如的战气
T	DBE1D775	α秘纹
T	DC225C96	修罗
T	DC584F60	伤害上限
T	DC607D75	匿踪
T	DD4A701E	异能耐受
T	E0ABFDFE	守护
T	E60A735C	王者行进
T	E69A4694	豪胆
T	E6B92E34	极致的战气
T	E6CDBA9C	坚守
T	E85FF8E0	魔眼的万箭
T	EAE321EB	能力伤害
T	EC1C6779	摇曳步
T	EC3CF174	极致谋略
T	EE85CD1F	狂战士
T	EF05EC4D	涯之七星
T	F17850B9	连击加成
T	F1D5DBD0	真红翔舞
T	F372F096	体力
T	F687C5EF	获得经验值
T	F71F8997	自动药水
T	F8496336	守护者的骄傲
T	FB572681	冰冻抗性
T	FDD1AD24	斩姬的战气
